{"player":{"position":{"x":-0.9999827742576599,"y":4.082469940185547,"z":0.0}},"blocks":[]}